<?xml version="1.0" encoding="utf-8"?>
<prefix name="spvideolite" label="Super Video Lite" language_tag="en" language_label="English"><key name="adm_menu_categories"><value>Categories</value></key><key name="adm_menu_general"><value>General</value></key><key name="adm_menu_help"><value>Help &amp; Support</value></key><key name="adm_menu_processor"><value>Processor</value></key><key name="adm_menu_quota"><value>Quota</value></key><key name="adm_menu_tweaks"><value>Tweaks</value></key><key name="btn_larger"><value>Larger</value></key><key name="btn_show_less"><value>Show less</value></key><key name="btn_show_more"><value>Show more</value></key><key name="btn_smaller"><value>Smaller</value></key><key name="chk_off"><value>off</value></key><key name="chk_on"><value>on</value></key><key name="explain_correct_player_size"><value>Auto correct player width</value></key><key name="explain_desc_show_more"><value>Auto compact video description</value></key><key name="explain_fix_long_titles"><value>Fix long titles on video listings</value></key><key name="explain_link_import"><value>Copy &amp;amp; paste link import</value></key><key name="explain_player_enlargable"><value>Add a button for enlarging video player</value></key><key name="explain_review_import"><value>Review the clip detail then click "Add" to save the new video</value></key><key name="menu_categories"><value>Categories</value></key></prefix>
