<?xml version="1.0" encoding="utf-8"?>
<prefix name="spvideolite" label="Super Video Lite" language_tag="en" language_label="English"><key name="adm_menu_categories"><value>Categories</value></key><key name="adm_menu_general"><value>General</value></key><key name="adm_menu_help"><value>Help &amp; Support</value></key><key name="adm_menu_processor"><value>Processor</value></key><key name="adm_menu_quota"><value>Quota</value></key><key name="adm_menu_tweaks"><value>Tweaks</value></key><key name="btn_check"><value>Check</value></key><key name="btn_larger"><value>Larger</value></key><key name="btn_show_less"><value>Show less</value></key><key name="btn_show_more"><value>Show more</value></key><key name="btn_smaller"><value>Smaller</value></key><key name="chk_off"><value>off</value></key><key name="chk_on"><value>on</value></key><key name="explain_blog_bridge"><value>Allow pasting video link in blog posts</value></key><key name="explain_correct_player_size"><value>Auto correct player width</value></key><key name="explain_desc_show_more"><value>Auto compact video description</value></key><key name="explain_fix_long_titles"><value>Fix long titles on video listings</value></key><key name="explain_force_https_compat"><value>Force HTTP/HTTPS compatible iframe and embed code</value></key><key name="explain_forum_bridge"><value>Allow pasting video link in forum posts</value></key><key name="explain_link_import"><value>Copy &amp; paste link import</value></key><key name="explain_paste_link"><value>Paste your video link here</value></key><key name="explain_player_enlargable"><value>Add a button for enlarging video player</value></key><key name="explain_review_import"><value>Review the clip detail then click "Add" to save the new video</value></key><key name="htmlarea_explain"><value>Paste video link or embed code here</value></key><key name="htmlarea_preview"><value>Preview:</value></key><key name="menu_categories"><value>Categories</value></key><key name="tab_embed_code"><value>Embed code</value></key><key name="tab_from_link"><value>From link</value></key><key name="tab_drag_and_drop"><value>Drag and Drop a link</value></key><key name="dnd_not_support"><value>Drag and Drop not supported</value></key><key name="dnd_support"><value>Drag &amp; Drop video links here</value></key><key name="clips_added"><value>Videos have been added</value></key><key name="video_add_error"><value>Please add at least one video</value></key><key name="drop_here"><value>Drop video links to add</value></key><key name="please_wait"><value>Please wait while previously video is being added</value></key><key name="describe_video"><value>Description text...</value></key><key name="not_all_videos_added"><value>Some videos were not added because of invalid input</value></key><key name="no_video_added"><value>No videos were added because of invalid input</value></key><key name="auth_upload_permissions"><value>You are not allowed to add video</value></key></prefix>
