<?xml version="1.0" encoding="utf-8"?>
<prefix name="spvideo" label="Super Video" language_tag="en" language_label="English"><key name="adm_menu_categories"><value>Categories</value></key><key name="adm_menu_general"><value>General</value></key><key name="adm_menu_help"><value>Help &amp; Support</value></key><key name="adm_menu_processor"><value>Processor</value></key><key name="adm_menu_quota"><value>Quota</value></key><key name="adm_menu_tweaks"><value>Tweaks</value></key><key name="menu_categories"><value>Categories</value></key></prefix>
